,Doses destinadas,Doses aplicadas,% aplicado,1ª dose,2ª dose,Dose única,Dose reforço,Não residentes vacinados,População geral,Município,percento_pop_pelo_menos_uma_dose,percento_pop_esquema_vacinal_completo
0,287202,252501,"87,9%",140911,100168,4390,7032,"22728 (9,4%)",210305, Alvorada,74.7,55.1
1,201886,173735,"86,1%",96821,69416,3171,4327,"42442 (25,5%)",130293, Cachoeirinha,77.0,56.8
2,12953,9928,"76,6%",5714,3691,208,315,"860 (9,1%)",8098, Glorinha,87.9,60.6
3,424611,375067,"88,3%",205274,151098,6300,12395,"64825 (18,2%)",281519, Gravataí,72.3,53.9
4,2479644,2275904,"91,8%",1148302,946719,43820,137063,"303630 (14,5%)",1483771, Porto Alegre,78.8,64.0
5,397761,336845,"84,7%",182296,136665,5687,12197,"81296 (25,5%)",255224, Viamão,61.4,51.7
6,6689,6140,"91,8%",3322,2474,84,260,"462 (8,0%)",3581, Arambaré,107.5,80.0
7,22678,20592,"90,8%",10934,8260,675,723,"3366 (17,5%)",14151, Arroio dos Ratos,81.1,62.4
8,11220,8824,"78,6%",4664,3728,177,255,"854 (10,2%)",7487, Barão do Triunfo,65.5,52.7
9,20327,23807,"117,1%",12584,9959,292,972,"7257 (32,2%)",13491, Barra do Ribeiro,77.1,60.2
10,31487,28355,"90,1%",15324,11821,496,714,"2872 (10,6%)",20941, Butiá,75.1,58.5
11,104382,95279,"91,3%",51109,38597,1757,3816,"6824 (7,6%)",66261, Camaquã,81.6,61.9
12,17626,14508,"82,3%",7802,6265,261,180,"1228 (8,7%)",12239, Cerro Grande do Sul,68.1,54.2
13,61467,54816,"89,2%",27619,22365,3209,1623,"8916 (17,8%)",40789, Charqueadas,70.0,57.4
14,8016,7301,"91,1%",3951,3030,144,176,"454 (6,5%)",5441, Chuvisca,77.2,59.3
15,20764,18254,"87,9%",10662,6915,370,307,"532 (3,0%)",15414, Dom Feliciano,76.0,50.9
16,61788,51539,"83,4%",29646,20475,929,489,"12336 (24,6%)",41285, Eldorado do Sul,69.3,49.1
17,13558,12104,"89,3%",6224,4991,197,692,"1202 (10,7%)",8385, General Câmara,80.9,65.2
18,151803,128508,"84,7%",70556,52634,2404,2914,"19050 (15,5%)",98143, Guaíba,73.1,55.6
19,6986,6055,"86,7%",3228,2481,94,252,"652 (11,4%)",3885, Mariana Pimentel,93.9,72.5
20,12516,10119,"80,8%",5920,3723,173,303,"1121 (11,6%)",8075, Minas do Leão,76.1,50.4
21,36074,32477,"90,0%",16992,13396,587,1502,"4661 (15,3%)",24248, São Jerônimo,72.6,57.3
22,8753,8286,"94,7%",4274,3500,125,387,"1434 (18,4%)",5581, Sentinela do Sul,74.9,60.5
23,11050,8930,"80,8%",5135,3483,140,172,"813 (9,4%)",6486, Sertão Santana,83.5,59.5
24,26986,22808,"84,5%",12185,9176,435,1012,"3160 (14,8%)",17300, Tapes,73.8,56.2
25,10088,9679,"95,9%",5361,3749,205,364,"2504 (27,5%)",5698, Araricá,86.8,62.3
26,100608,93003,"92,4%",49545,38669,1832,2957,"10431 (11,8%)",66712, Campo Bom,78.7,61.3
27,49837,46130,"92,6%",23795,19777,873,1685,"2931 (6,7%)",32671, Dois Irmãos,81.6,67.7
28,74340,67424,"90,7%",36839,27363,1334,1888,"7465 (11,6%)",50022, Estância Velha,77.5,57.7
29,39609,33944,"85,7%",17708,14371,701,1164,"2980 (9,3%)",24293, Ivoti,79.4,64.9
30,9013,7612,"84,5%",4302,3065,181,64,"696 (9,4%)",6054, Lindolfo Collor,74.2,54.0
31,11156,10183,"91,3%",5215,4325,184,459,"519 (5,4%)",6407, Morro Reuter,89.2,74.5
32,31513,27672,"87,8%",15156,11511,547,458,"3036 (11,4%)",21615, Nova Hartz,71.5,54.9
33,373162,331843,"88,9%",182148,131682,5751,12262,"49956 (15,9%)",246748, Novo Hamburgo,72.6,53.4
34,56835,47223,"83,1%",25918,18974,864,1467,"3705 (8,3%)",37079, Portão,75.8,56.2
35,5588,4803,"86,0%",2492,2076,85,150,"332 (7,3%)",2901, Presidente Lucena,92.7,77.4
36,11048,10680,"96,7%",5269,4534,193,684,"1391 (14,2%)",6331, Santa Maria do Herval,76.8,66.8
37,7589,7075,"93,2%",3618,3084,125,248,"491 (7,3%)",4804, São José do Hortêncio,77.3,66.0
38,362496,306977,"84,7%",171254,121790,4267,9666,"51837 (17,7%)",236835, São Leopoldo,69.8,51.1
39,124239,111175,"89,5%",59193,46796,2037,3149,"5839 (5,5%)",81734, Sapiranga,80.9,63.8
40,10497,9013,"85,9%",4828,3780,175,230,"516 (6,0%)",6171, Barão,84.8,67.4
41,8630,9074,"105,1%",4518,4045,110,401,"615 (7,2%)",5074, Brochier,90.7,80.4
42,544046,491977,"90,4%",268753,198905,10862,13457,"100636 (21,5%)",346616, Canoas,74.3,56.3
43,18261,14086,"77,1%",7426,6054,279,327,"1544 (11,5%)",11940, Capela de Santana,65.7,53.5
44,134602,117379,"87,2%",63149,48527,2056,3647,"23232 (20,8%)",83202, Esteio,79.9,61.4
45,8329,7374,"88,5%",3808,3225,144,197,"566 (8,0%)",4866, Harmonia,87.1,72.9
46,4586,4658,"101,6%",2274,2033,79,272,"332 (7,7%)",2691, Maratá,88.6,78.7
47,107971,81807,"75,8%",48709,29758,2755,585,"9529 (12,1%)",65264, Montenegro,78.4,50.5
48,45078,39296,"87,2%",21831,15631,965,869,"9959 (26,6%)",29300, Nova Santa Rita,70.3,51.2
49,6582,5833,"88,6%",3039,2419,119,256,"604 (11,1%)",3837, Pareci Novo,89.9,70.9
50,13112,11451,"87,3%",5861,4894,201,495,"617 (5,7%)",7799, Salvador do Sul,81.7,67.7
51,4237,3788,"89,4%",1911,1614,60,203,"569 (16,1%)",2408, São José do Sul,80.4,67.6
52,6683,5733,"85,8%",3051,2437,100,145,"325 (5,9%)",3801, São Pedro da Serra,87.2,70.0
53,38446,34241,"89,1%",18586,13901,585,1169,"4751 (14,6%)",25685, São Sebastião do Caí,70.2,53.3
54,218581,185562,"84,9%",102421,73449,3413,6279,"30269 (17,2%)",141075, Sapucaia do Sul,75.8,56.3
55,7206,6077,"84,3%",3438,2302,141,196,"617 (10,7%)",4719, Tabaí,79.2,55.2
56,45464,40446,"89,0%",21539,16665,701,1541,"5177 (13,6%)",29538, Triunfo,74.2,57.3
57,8003,6991,"87,4%",3864,2834,134,159,"356 (5,3%)",4855, Tupandi,86.5,63.5
58,10162,8105,"79,8%",4566,3374,165,0,"1228 (15,5%)",6431, Cambará do Sul,71.4,53.2
59,55318,51347,"92,8%",26885,21492,1021,1949,"2192 (4,5%)",36899, Igrejinha,81.3,64.2
60,80366,73405,"91,3%",40468,29357,1405,2175,"8985 (12,9%)",58272, Parobé,69.8,51.4
61,7701,7044,"91,5%",3519,3066,115,344,"967 (14,7%)",4653, Riozinho,78.0,67.4
62,29642,29658,"100,1%",16535,11799,560,764,"3064 (10,8%)",21349, Rolante,78.2,56.7
63,33546,29318,"87,4%",15995,11662,592,1069,"4166 (15,1%)",21710, São Francisco de Paula,73.1,55.0
64,78472,68564,"87,4%",38732,27080,1704,1048,"9838 (14,9%)",57466, Taquara,67.9,48.9
65,41446,11018,"26,6%",8113,2905,0,0,"1113 (10,1%)",28220, Três Coroas,32.4,13.5
66,10973,10204,"93,0%",5431,4409,147,217,"513 (5,2%)",6258, Alpestre,95.3,76.8
67,11926,10904,"91,4%",5692,4827,230,155,"1084 (10,3%)",7409, Ametista do Sul,77.4,65.3
68,4674,4663,"99,8%",2287,2071,90,215,"559 (12,8%)",3248, Barra do Guarita,67.5,63.7
69,3303,3118,"94,4%",1717,1272,47,82,"592 (19,8%)",1942, Bom Progresso,83.0,61.9
70,7693,7348,"95,5%",3705,3300,111,232,"785 (11,2%)",4743, Caiçara,79.0,70.3
71,4674,4360,"93,3%",2233,1965,65,97,"658 (15,7%)",2847, Cristal do Sul,73.8,64.7
72,4592,4481,"97,6%",2237,2004,76,164,"504 (11,9%)",2805, Derrubadas,78.2,70.1
73,10591,10396,"98,2%",5277,4507,169,443,"489 (5,0%)",6912, Erval Seco,85.1,71.6
74,5495,5199,"94,6%",2627,2349,75,148,"52 (1,0%)",2926, Esperança do Sul,96.9,85.3
75,49420,47732,"96,6%",24699,19940,1206,1887,"6212 (13,9%)",31313, Frederico Westphalen,79.4,64.8
76,12195,10875,"89,2%",5323,4699,208,645,"1054 (10,5%)",7241, Iraí,80.4,71.8
77,8635,8040,"93,1%",4062,3653,119,206,"1525 (19,8%)",5219, Liberato Salzano,68.5,60.9
78,3737,3401,"91,0%",1662,1536,56,147,"230 (7,2%)",2211, Novo Tiradentes,80.4,72.3
79,11890,11284,"94,9%",5735,4951,185,413,"1055 (9,9%)",7057, Palmitinho,82.0,71.4
80,4712,4693,"99,6%",2367,2019,51,256,"444 (10,1%)",2579, Pinhal,89.3,80.7
81,7181,6893,"96,0%",3512,3142,115,124,"580 (8,7%)",4871, Pinheirinho do Vale,70.5,65.9
82,16871,15270,"90,5%",7629,6707,230,704,"1412 (9,8%)",10084, Planalto,77.3,68.0
83,10131,9540,"94,2%",4947,4047,149,397,"282 (3,1%)",5867, Rodeio Bonito,96.0,78.0
84,18138,17834,"98,3%",9146,7501,255,932,"2168 (13,0%)",10750, Seberi,83.7,68.2
85,4950,4854,"98,1%",2460,2103,75,216,"250 (5,5%)",3072, Taquaruçu do Sul,89.2,75.9
86,23060,21947,"95,2%",11120,9547,320,960,"677 (3,3%)",13485, Tenente Portela,89.3,76.8
87,9431,8180,"86,7%",4140,3818,119,103,"457 (5,7%)",5704, Tiradentes do Sul,74.7,68.2
88,40525,38714,"95,5%",19551,16493,734,1936,"246 (0,7%)",23906, Três Passos,92.2,78.1
89,7151,6309,"88,2%",3283,2887,110,29,"772 (12,5%)",4670, Vicente Dutra,71.9,63.5
90,4414,4307,"97,6%",2214,1831,57,205,"303 (7,5%)",2752, Vista Alegre,86.3,71.4
91,4445,4332,"97,5%",2134,1957,80,161,"494 (12,1%)",2851, Vista Gaúcha,75.8,68.1
92,10640,6742,"63,4%",3794,2697,166,85,"933 (14,4%)",7031, Amaral Ferrador,54.8,38.6
93,4707,4259,"90,5%",2247,1807,80,125,"403 (9,9%)",2937, Arroio do Padre,84.9,66.5
94,29298,26119,"89,1%",13837,10946,415,921,"2137 (8,6%)",18293, Arroio Grande,84.0,65.9
95,91489,81763,"89,4%",43754,33317,1306,3386,"5406 (7,0%)",56045, Canguçu,82.2,62.8
96,39642,33480,"84,5%",18482,13657,523,818,"7615 (23,7%)",25354, Capão do Leão,75.5,56.0
97,10323,9377,"90,8%",5053,3957,162,205,"1279 (14,2%)",6091, Cerrito,86.9,67.4
98,6994,4942,"70,7%",2586,2040,155,161,"1431 (30,9%)",6704, Chuí,35.2,27.6
99,13054,9755,"74,7%",5660,3838,177,80,"982 (10,3%)",8009, Cristal,78.9,54.4
100,10858,10121,"93,2%",5270,4261,165,425,"897 (9,4%)",6821, Herval,85.3,68.7
101,44235,40091,"90,6%",21290,17547,623,631,"5899 (15,2%)",26680, Jaguarão,75.1,61.9
102,11452,10413,"90,9%",5311,4446,156,500,"1560 (16,0%)",6568, Morro Redondo,89.7,74.0
103,3969,3745,"94,4%",2028,1594,54,69,"921 (25,4%)",1982, Pedras Altas,93.0,74.1
104,13244,10679,"80,6%",6168,4327,174,10,"1266 (12,1%)",7730, Pedro Osório,90.9,65.0
105,559525,471593,"84,3%",258191,191022,8226,14154,"52754 (11,7%)",342405, Pelotas,73.8,56.0
106,19635,19401,"98,8%",9816,8320,289,976,"2563 (14,1%)",12271, Pinheiro Machado,82.5,68.8
107,33944,26219,"77,2%",14612,10450,461,696,"3629 (14,5%)",20663, Piratini,69.9,51.3
108,337817,274397,"81,2%",151367,116948,6079,3,"27791 (10,4%)",211005, Rio Grande,70.9,55.7
109,13952,12596,"90,3%",6568,5611,204,213,"2845 (23,4%)",8098, Santana da Boa Vista,72.6,61.5
110,47972,43942,"91,6%",23531,18506,825,1080,"5934 (14,1%)",29676, Santa Vitória do Palmar,77.3,61.9
111,44238,37386,"84,5%",20750,15535,598,503,"4708 (13,0%)",27568, São José do Norte,71.3,54.7
112,71639,64959,"90,7%",33825,28651,1081,1402,"6061 (9,7%)",43582, São Lourenço do Sul,79.0,66.3
113,6020,5628,"93,5%",2983,2443,103,99,"660 (12,2%)",3438, Turuçu,98.5,77.9
114,25299,22687,"89,7%",12288,9392,441,566,"2171 (10,0%)",16461, Agudo,78.7,60.9
115,19923,16312,"81,9%",8439,6862,286,725,"762 (5,0%)",12561, Cacequi,81.1,65.9
116,5365,5183,"96,6%",2595,2282,84,222,"1254 (25,7%)",3651, Capão do Cipó,64.0,55.3
117,5064,4677,"92,4%",2503,1874,70,230,"1095 (25,0%)",3014, Dilermando de Aguiar,82.8,62.5
118,5280,5033,"95,3%",2624,2063,69,277,"798 (17,0%)",3041, Dona Francisca,87.8,71.0
119,11486,10321,"89,9%",5446,4043,165,667,"975 (10,3%)",6677, Faxinal do Soturno,92.2,69.1
120,12280,11237,"91,5%",5433,4997,137,670,"2447 (23,5%)",6664, Formigueiro,76.2,68.2
121,8505,7646,"89,9%",3995,3259,135,257,"1691 (23,3%)",5499, Itaara,85.5,68.5
122,5028,4463,"88,8%",2608,1562,70,223,"651 (15,6%)",3465, Itacurubi,76.8,51.3
123,3339,3372,"101,0%",1623,1475,56,218,"186 (6,0%)",1910, Ivorá,99.3,87.0
124,19013,18960,"99,7%",9029,8487,334,1110,"1296 (7,4%)",10848, Jaguari,90.9,83.8
125,5685,4755,"83,6%",2600,1929,78,148,"532 (11,7%)",3503, Jari,82.5,63.5
126,30041,28466,"94,8%",14643,12055,527,1241,"1476 (5,5%)",19293, Júlio de Castilhos,87.8,71.3
127,8109,7501,"92,5%",3680,3399,110,312,"699 (9,9%)",4823, Mata,83.6,75.1
128,8698,8451,"97,2%",4136,3734,131,450,"460 (5,8%)",5352, Nova Esperança do Sul,84.2,75.2
129,10246,9858,"96,2%",4805,4332,154,567,"934 (10,2%)",6512, Nova Palma,80.4,71.6
130,11333,10445,"92,2%",5384,4483,180,398,"1310 (13,3%)",7611, Paraíso do Sul,73.2,60.8
131,6534,6182,"94,6%",3172,2676,94,240,"861 (14,7%)",4350, Pinhal Grande,74.3,62.9
132,4820,4116,"85,4%",2263,1666,70,117,"1105 (28,1%)",2788, Quevedos,72.6,54.6
133,25162,22994,"91,4%",11993,9922,355,724,"2508 (11,4%)",15789, Restinga Seca,81.4,67.7
134,461463,384998,"83,4%",213490,156337,7021,8150,"64536 (17,5%)",282123, Santa Maria,70.3,52.7
135,85695,76703,"89,5%",39672,32165,1268,3598,"7658 (10,7%)",49425, Santiago,84.6,68.6
136,30590,28549,"93,3%",14368,12263,447,1471,"1760 (6,6%)",18335, São Francisco de Assis,86.8,73.1
137,4749,4699,"98,9%",2312,1969,65,353,"952 (22,2%)",2552, São João do Polêsine,90.8,76.4
138,5782,4627,"80,0%",2740,1819,67,1,"1164 (25,5%)",3234, São Martinho da Serra,76.0,54.0
139,27305,24431,"89,5%",12679,10588,393,771,"1116 (4,8%)",16198, São Pedro do Sul,93.3,77.2
140,37363,34147,"91,4%",18045,13870,555,1677,"2031 (6,4%)",23621, São Sepé,85.9,66.9
141,13827,12415,"89,8%",6406,5198,265,546,"1098 (9,5%)",8721, São Vicente do Sul,84.6,67.2
142,4233,3677,"86,9%",1934,1564,50,129,"441 (12,6%)",2384, Silveira Martins,96.7,77.4
143,4972,4661,"93,7%",2333,2150,70,108,"264 (5,9%)",2806, Toropi,91.1,83.2
144,4099,4178,"101,9%",2043,1762,60,313,"1238 (32,5%)",2338, Unistalda,71.8,62.0
145,7047,7006,"99,4%",3443,3017,101,445,"1087 (16,8%)",4280, Vila Nova do Sul,82.8,72.9
146,5109,4532,"88,7%",2369,2025,91,47,"271 (6,2%)",3028, Alto Feliz,85.0,71.3
147,21861,21131,"96,7%",10862,8874,317,1078,"2685 (13,6%)",13050, Antônio Prado,82.4,67.7
148,193403,171160,"88,5%",95198,64930,4489,6543,"26150 (16,3%)",120454, Bento Gonçalves,74.9,53.6
149,4895,4546,"92,9%",2319,1972,70,185,"418 (9,7%)",2783, Boa Vista do Sul,97.3,81.4
150,17781,16368,"92,1%",8828,6482,246,812,"3808 (24,9%)",11349, Bom Jesus,71.6,53.5
151,20226,19061,"94,2%",10429,7656,394,582,"1271 (7,0%)",14055, Bom Princípio,80.4,60.0
152,5068,5359,"105,7%",2741,2285,89,244,"1105 (22,0%)",3388, Campestre da Serra,74.5,63.5
153,68813,64898,"94,3%",35298,26317,1342,1941,"8535 (13,9%)",44998, Canela,77.4,58.2
154,48311,45477,"94,1%",23989,19285,1065,1138,"8570 (19,8%)",29833, Carlos Barbosa,74.0,60.6
155,815856,688038,"84,3%",374382,273955,12679,27022,"82200 (12,7%)",510906, Caxias do Sul,69.7,52.3
156,2866,2844,"99,2%",1408,1170,30,236,"561 (21,8%)",1628, Coronel Pilar,78.3,67.8
157,7276,6348,"87,2%",3312,2743,81,212,"389 (6,4%)",3853, Cotiporã,94.0,77.1
158,5284,4701,"89,0%",2556,1888,89,168,"968 (21,8%)",3282, Esmeralda,76.6,60.3
159,4492,4256,"94,7%",2150,1853,75,178,"294 (7,3%)",2731, Fagundes Varela,84.0,72.9
160,117237,102906,"87,8%",55953,41490,1834,3629,"12936 (13,3%)",72331, Farroupilha,78.1,59.6
161,20386,19285,"94,6%",10312,8074,409,490,"1301 (7,1%)",13547, Feliz,84.5,66.3
162,51487,46587,"90,5%",24314,19754,728,1791,"3874 (8,8%)",30745, Flores da Cunha,85.9,69.1
163,56378,51612,"91,5%",27191,21945,888,1588,"8005 (16,3%)",35070, Garibaldi,78.0,63.2
164,63343,53543,"84,5%",30044,20584,953,1962,"6418 (12,7%)",36232, Gramado,87.6,60.8
165,2720,2716,"99,9%",1307,1158,35,216,"170 (6,9%)",1503, Guabiju,94.7,83.2
166,39893,36230,"90,8%",19079,15099,770,1282,"1885 (5,5%)",25727, Guaporé,80.2,63.8
167,10251,10403,"101,5%",5292,4346,158,607,"917 (9,5%)",6640, Ipê,92.9,74.3
168,6222,6137,"98,6%",3066,2686,90,295,"895 (15,6%)",3716, Jaquirana,89.2,74.7
169,2786,2543,"91,3%",1279,1135,50,79,"480 (19,9%)",1714, Linha Nova,71.2,61.6
170,5239,5005,"95,5%",2625,2216,93,71,"1402 (29,0%)",3226, Monte Alegre dos Campos,71.9,59.9
171,4744,4529,"95,5%",2191,2028,66,244,"719 (17,0%)",2548, Monte Belo do Sul,90.3,80.9
172,4868,4170,"85,7%",2344,1710,84,32,"1045 (25,8%)",3162, Muitos Capões,78.7,59.5
173,8426,7867,"93,4%",4256,3174,143,294,"934 (12,6%)",4759, Nova Araçá,88.3,69.7
174,16289,14855,"91,2%",7204,6506,247,898,"1563 (11,4%)",9916, Nova Bassano,74.6,66.5
175,4551,4238,"93,1%",2109,1812,46,271,"387 (9,9%)",2553, Nova Pádua,86.3,74.2
176,36067,30940,"85,8%",16302,13612,645,381,"2205 (7,4%)",21353, Nova Petrópolis,82.6,68.9
177,40626,37404,"92,1%",19721,15384,836,1463,"2580 (7,3%)",27257, Nova Prata,78.8,62.5
178,6264,5773,"92,2%",2840,2525,92,316,"280 (5,2%)",3689, Nova Roma do Sul,85.5,75.7
179,12386,11078,"89,4%",5783,4665,204,426,"632 (6,0%)",7657, Paraí,88.1,70.9
180,9116,8985,"98,6%",4587,3831,159,408,"905 (10,8%)",5742, Picada Café,80.4,67.5
181,3741,3455,"92,4%",1837,1467,55,96,"648 (19,6%)",1941, Pinhal da Serra,92.4,73.1
182,4847,4343,"89,6%",2284,1785,65,209,"571 (14,0%)",3003, Pinto Bandeira,77.9,61.5
183,3582,3444,"96,1%",1717,1578,54,95,"356 (10,8%)",1947, Protásio Alves,88.9,80.2
184,3025,2918,"96,5%",1396,1278,35,209,"309 (11,6%)",1729, Santa Tereza,91.6,81.3
185,4628,4400,"95,1%",2250,1909,50,191,"257 (6,2%)",2824, São Jorge,85.9,73.1
186,5503,5055,"91,9%",2956,1856,105,138,"1009 (21,0%)",3527, São José dos Ausentes,78.8,52.8
187,35194,31948,"90,8%",16703,13693,530,1022,"2328 (7,7%)",21556, São Marcos,83.8,68.3
188,4052,3985,"98,3%",1955,1771,60,199,"294 (7,9%)",2243, São Vendelino,93.8,84.1
189,2202,1981,"90,0%",1000,827,29,125,"277 (15,2%)",1154, União da Serra,87.8,71.0
190,102480,93301,"91,0%",50799,37348,1763,3391,"14885 (16,9%)",66218, Vacaria,71.2,53.4
191,9004,8052,"89,4%",4383,3347,157,165,"528 (6,8%)",5913, Vale Real,85.4,65.7
192,40375,37529,"93,0%",19018,16227,698,1586,"2597 (7,4%)",26241, Veranópolis,76.4,65.3
193,5878,6039,"102,7%",2985,2674,83,297,"258 (4,6%)",3385, Vila Flores,94.5,86.3
194,2605,2658,"102,0%",1276,1187,37,158,"160 (6,5%)",1561, Vista Alegre do Prata,85.8,79.6
195,5963,5294,"88,8%",2870,2109,85,230,"350 (7,0%)",3748, Água Santa,82.0,62.3
196,3305,3110,"94,1%",1603,1309,48,150,"208 (7,1%)",1964, Almirante Tamandaré do Sul,90.8,73.2
197,2953,2787,"94,4%",1381,1214,46,146,"189 (7,3%)",1638, Alto Alegre,93.9,81.3
198,2271,2139,"94,2%",1092,922,33,92,"270 (13,4%)",1333, André da Rocha,85.1,72.2
199,16635,15349,"92,3%",8157,6707,225,260,"1155 (7,8%)",10424, Arvorezinha,81.1,67.2
200,8173,7837,"95,9%",3911,3511,114,301,"725 (9,8%)",5275, Barracão,76.6,67.8
201,15907,14703,"92,4%",7561,6130,257,755,"1077 (7,9%)",11199, Barros Cassal,72.2,58.3
202,8344,8107,"97,2%",3970,3455,125,557,"452 (6,1%)",5065, Cacique Doble,86.1,74.5
203,4850,3791,"78,2%",2256,1453,60,22,"587 (15,8%)",2733, Camargo,75.4,51.0
204,5650,5296,"93,7%",2858,2114,80,244,"392 (7,9%)",3320, Campos Borges,90.7,68.5
205,3201,2755,"86,1%",1551,1093,56,55,"543 (20,5%)",1654, Capão Bonito do Sul,94.7,70.2
206,92782,91720,"98,9%",47161,38184,1876,4499,"3785 (4,4%)",62110, Carazinho,81.4,66.8
207,14563,14540,"99,8%",7541,6174,246,579,"1029 (7,5%)",9031, Casca,88.7,73.6
208,5356,5037,"94,0%",2537,2255,70,175,"285 (5,9%)",3202, Caseiros,89.4,77.1
209,7368,6663,"90,4%",3470,2877,100,216,"502 (7,9%)",4747, Ciríaco,78.5,65.2
210,4071,3971,"97,5%",2009,1746,61,155,"356 (9,5%)",2306, Coqueiros do Sul,91.6,79.1
211,4848,4654,"96,0%",2416,1967,66,205,"345 (7,9%)",2756, Coxilha,100.2,81.1
212,7307,6537,"89,5%",3504,2802,119,112,"610 (9,7%)",4740, David Canabarro,77.4,63.2
213,5270,4926,"93,5%",2560,2013,87,266,"716 (15,7%)",3168, Ernestina,83.7,67.0
214,25375,23052,"90,8%",12121,9837,461,633,"1997 (9,1%)",15588, Espumoso,80.0,66.4
215,14988,14399,"96,1%",7505,6150,274,470,"953 (7,0%)",10304, Fontoura Xavier,77.8,63.8
216,2898,2598,"89,6%",1351,1147,47,53,"281 (11,2%)",1634, Gentil,93.3,79.8
217,7907,7847,"99,2%",3897,3320,108,522,"372 (5,2%)",4709, Ibiaçá,88.1,74.9
218,11567,11490,"99,3%",5670,5060,172,588,"894 (8,3%)",7262, Ibiraiaras,79.6,71.0
219,6549,5666,"86,5%",3034,2348,94,190,"576 (10,7%)",4013, Ibirapuitã,81.6,64.3
220,3364,3214,"95,5%",1568,1437,50,159,"255 (8,5%)",2094, Itapuca,80.7,72.9
221,8622,8308,"96,4%",4181,3619,161,347,"565 (7,2%)",6452, Lagoão,72.7,61.8
222,2993,2917,"97,5%",1515,1246,46,110,"341 (12,4%)",1609, Lagoa dos Três Cantos,97.1,81.7
223,46358,39782,"85,8%",21072,16480,761,1469,"2317 (6,2%)",27807, Lagoa Vermelha,83.1,65.3
224,9606,8606,"89,6%",4608,3594,123,281,"880 (10,7%)",5445, Machadinho,82.8,65.0
225,68678,62244,"90,6%",33363,26485,1188,1208,"4465 (7,5%)",44161, Marau,78.0,63.0
226,4622,3971,"85,9%",2016,1698,80,177,"431 (11,6%)",2540, Mato Castelhano,91.7,78.0
227,7393,6819,"92,2%",3415,2993,95,316,"377 (5,9%)",4377, Maximiliano de Almeida,83.6,72.7
228,2874,2860,"99,5%",1368,1234,32,226,"130 (5,0%)",1453, Montauri,100.3,90.0
229,4812,4286,"89,1%",2310,1762,82,132,"566 (13,9%)",3085, Mormaço,70.6,55.3
230,3222,2741,"85,1%",1348,1216,43,134,"220 (8,6%)",1893, Muliterno,85.2,77.7
231,31338,27486,"87,7%",14570,11025,444,1447,"3037 (11,9%)",17624, Não-Me-Toque,81.1,62.4
232,3113,2868,"92,1%",1701,1022,38,107,"421 (15,5%)",1682, Nicolau Vergueiro,96.1,60.4
233,5597,5415,"96,7%",2751,2315,75,274,"211 (4,2%)",3625, Nova Alvorada,87.3,72.5
234,7146,6561,"91,8%",3238,2853,84,386,"641 (10,5%)",3828, Paim Filho,85.8,74.6
235,330057,308952,"93,6%",160110,130465,5210,13167,"34372 (11,8%)",203275, Passo Fundo,76.9,63.0
236,5783,5541,"95,8%",2922,2195,101,323,"707 (13,8%)",3904, Pontão,77.2,60.1
237,28144,26080,"92,7%",13075,11117,389,1499,"1483 (6,1%)",16270, Sananduva,84.4,72.3
238,3104,2913,"93,8%",1446,1281,41,145,"138 (5,1%)",1639, Santa Cecília do Sul,96.8,85.3
239,3393,3349,"98,7%",1769,1440,57,83,"274 (8,5%)",2128, Santo Antônio do Palma,85.3,70.1
240,3593,3215,"89,5%",1678,1373,46,118,"322 (10,6%)",2019, Santo Antônio do Planalto,87.9,71.9
241,4019,3948,"98,2%",2088,1679,49,132,"340 (9,0%)",2324, Santo Expedito do Sul,89.9,73.2
242,5014,4912,"98,0%",2406,2100,70,336,"288 (6,4%)",3074, São Domingos do Sul,82.9,72.8
243,8031,7307,"91,0%",3904,3008,114,281,"560 (8,1%)",4657, São João da Urtiga,85.6,67.3
244,11115,10867,"97,8%",5497,4751,183,436,"640 (6,2%)",6933, São José do Ouro,85.3,73.6
245,27225,25191,"92,5%",13486,10366,442,897,"1967 (8,2%)",17502, Serafina Corrêa,80.1,62.0
246,9777,9771,"99,9%",4738,4389,168,476,"814 (8,9%)",5415, Sertão,96.5,88.5
247,45777,41568,"90,8%",22205,17067,901,1395,"4049 (10,3%)",31002, Soledade,73.4,57.1
248,39325,35887,"91,3%",18734,15857,596,700,"3098 (9,0%)",24111, Tapejara,79.7,67.5
249,17288,16025,"92,7%",8389,6661,263,712,"1615 (10,7%)",10584, Tapera,81.5,65.2
250,4890,4829,"98,8%",2457,2028,83,261,"883 (19,7%)",3030, Tio Hugo,73.9,61.3
251,7085,5849,"82,6%",3066,2526,110,147,"244 (4,4%)",4569, Tunas,73.6,60.4
252,2577,2518,"97,7%",1199,1106,35,178,"113 (4,9%)",1472, Tupanci do Sul,92.5,82.1
253,3466,3232,"93,2%",1618,1426,60,128,"323 (10,6%)",2113, Vanini,78.1,68.5
254,4673,4988,"106,7%",2509,2139,81,259,"394 (8,5%)",2882, Victor Graeff,96.2,82.7
255,3754,3628,"96,6%",1864,1476,53,235,"269 (8,1%)",2091, Vila Lângaro,94.4,76.0
256,7891,7573,"96,0%",3726,3384,102,361,"465 (6,5%)",4358, Vila Maria,92.1,82.5
257,7442,7297,"98,1%",3964,3054,141,138,"737 (10,5%)",4901, Aceguá,84.9,65.0
258,184371,150715,"81,7%",94699,50143,3397,2476,"15700 (10,8%)",121143, Bagé,76.5,44.0
259,15560,14414,"92,6%",7980,5793,252,389,"2523 (18,3%)",9584, Candiota,89.3,63.2
260,58446,54302,"92,9%",28456,22942,1003,1901,"4613 (9,0%)",38461, Dom Pedrito,76.4,61.6
261,10403,8206,"78,9%",4245,3545,149,267,"1696 (21,8%)",6776, Hulha Negra,62.7,49.2
262,12129,10675,"88,0%",5778,4468,210,219,"1183 (11,5%)",7480, Lavras do Sul,82.5,63.6
263,20028,17842,"89,1%",9486,7457,323,576,"1044 (6,2%)",13373, Arroio do Tigre,75.7,60.3
264,59072,51437,"87,1%",27162,21238,795,2242,"2451 (5,1%)",33624, Caçapava do Sul,89.0,69.8
265,138164,124692,"90,2%",64031,53570,2034,5057,"8000 (6,8%)",82201, Cachoeira do Sul,82.5,68.7
266,7089,5982,"84,4%",3053,2564,114,251,"555 (9,9%)",4691, Cerro Branco,70.3,58.5
267,40853,32050,"78,5%",18345,12692,616,397,"1529 (4,9%)",25877, Encruzilhada do Sul,75.9,54.9
268,5485,5220,"95,2%",2661,2314,91,154,"465 (9,3%)",3655, Estrela Velha,76.4,65.8
269,6924,5914,"85,4%",3102,2544,115,153,"613 (10,9%)",4406, Ibarama,77.3,62.9
270,3921,3777,"96,3%",1945,1686,70,76,"700 (19,3%)",2903, Lagoa Bonita do Sul,63.0,54.6
271,6353,5927,"93,3%",2999,2604,86,238,"606 (10,8%)",4196, Novo Cabrais,75.8,64.7
272,7318,7033,"96,1%",3530,3195,135,173,"910 (13,5%)",5702, Passa Sete,63.8,56.7
273,11142,10432,"93,6%",5417,4477,178,360,"1323 (13,4%)",7421, Segredo,72.4,59.6
274,23984,21444,"89,4%",10923,9282,462,777,"2669 (13,2%)",14967, Sobradinho,75.9,64.3
275,4197,3936,"93,8%",1951,1710,63,212,"664 (18,1%)",2470, Boa Vista do Cadeado,74.6,65.1
276,3971,3821,"96,2%",1842,1665,65,249,"607 (17,3%)",2603, Boa Vista do Incra,69.3,61.9
277,5601,5481,"97,9%",2736,2503,72,170,"513 (9,8%)",3175, Colorado,88.0,79.7
278,99074,88505,"89,3%",46043,38338,1818,2306,"4080 (4,8%)",60299, Cruz Alta,86.4,71.6
279,7669,8014,"104,5%",4114,3338,130,432,"794 (10,7%)",4320, Fortaleza dos Valos,96.1,78.4
280,34364,30338,"88,3%",16319,12477,530,1012,"1795 (6,2%)",20350, Ibirubá,86.2,67.0
281,4145,3768,"90,9%",1859,1654,75,180,"525 (14,9%)",2692, Jacuizinho,69.7,61.4
282,6756,6458,"95,6%",3214,2809,90,345,"601 (10,0%)",3796, Quinze de Novembro,84.7,73.5
283,4742,4696,"99,0%",2307,2039,77,273,"639 (14,7%)",2650, Saldanha Marinho,85.8,76.5
284,17663,15733,"89,1%",8277,6726,301,429,"1967 (13,1%)",12449, Salto do Jacuí,68.0,55.7
285,13401,12933,"96,5%",6622,5484,232,595,"1328 (11,0%)",7994, Santa Bárbara do Sul,87.0,71.5
286,8291,8160,"98,4%",4291,3314,129,426,"602 (7,9%)",5100, Selbach,89.9,71.2
287,31768,31288,"98,5%",16227,13812,585,664,"6604 (22,0%)",23948, Tupanciretã,60.1,51.3
288,115088,109041,"94,7%",57307,45430,1749,4555,"10201 (9,9%)",73589, Alegrete,81.0,64.0
289,5827,5102,"87,6%",2794,2041,119,148,"1343 (27,8%)",4215, Barra do Quaraí,60.6,46.0
290,53999,52340,"96,9%",28108,21855,991,1386,"7663 (15,3%)",37620, Itaqui,71.0,56.3
291,6453,5876,"91,1%",3099,2517,129,131,"1303 (23,2%)",4587, Maçambará,85.0,67.1
292,11410,11310,"99,1%",5828,4760,175,547,"1883 (17,8%)",7299, Manoel Viana,79.7,65.1
293,37609,31873,"84,7%",16728,13438,556,1151,"3911 (13,0%)",22687, Quaraí,71.7,58.5
294,59929,56491,"94,3%",30208,23086,935,2262,"7002 (13,1%)",39422, Rosário do Sul,73.4,56.5
295,3968,4000,"100,8%",1992,1713,67,228,"568 (15,3%)",2562, Santa Margarida do Sul,109.7,95.7
296,135338,112624,"83,2%",58155,47511,2057,4901,"11674 (11,0%)",77027, Santana do Livramento,75.7,62.4
297,96117,92287,"96,0%",47364,39197,1543,4183,"8807 (10,2%)",62105, São Gabriel,79.2,65.1
298,180240,152862,"84,8%",86637,61125,3271,1829,"14518 (9,8%)",126970, Uruguaiana,69.1,49.9
299,11535,10939,"94,8%",5362,4915,145,517,"416 (4,0%)",6235, Aratiba,95.7,87.0
300,6255,5921,"94,7%",2922,2608,91,300,"511 (9,2%)",3554, Áurea,87.9,77.9
301,12181,10843,"89,0%",5497,4555,170,621,"984 (9,8%)",6623, Barão de Cotegipe,89.4,74.3
302,3071,3657,"119,1%",1662,1647,46,302,"208 (6,3%)",1690, Barra do Rio Azul,107.1,104.5
303,4147,3406,"82,1%",1704,1534,46,122,"677 (20,9%)",1994, Benjamin Constant do Sul,77.2,70.4
304,9350,8574,"91,7%",4271,3788,120,395,"1014 (12,6%)",5454, Campinas do Sul,82.4,72.9
305,2657,2458,"92,5%",1206,1108,35,109,"154 (6,7%)",1377, Carlos Gomes,98.2,87.9
306,4647,4798,"103,2%",2441,2166,74,117,"371 (8,1%)",2891, Centenário,86.2,77.1
307,5779,5153,"89,2%",2483,2335,65,270,"766 (15,9%)",3279, Charrua,69.9,65.3
308,3250,3108,"95,6%",1468,1359,41,240,"428 (15,1%)",1833, Cruzaltense,80.5,73.0
309,4677,4809,"102,8%",2344,1983,73,409,"223 (5,2%)",2792, Entre Rios do Sul,95.1,79.4
310,5111,4699,"91,9%",2388,2077,65,169,"437 (9,8%)",2991, Erebango,85.2,73.6
311,175999,159093,"90,4%",84149,66679,3040,5225,"19321 (12,8%)",105862, Erechim,76.0,61.2
312,8285,7827,"94,5%",3997,3456,107,267,"248 (3,3%)",4859, Erval Grande,87.5,75.6
313,9682,9372,"96,8%",4601,4015,141,615,"668 (7,8%)",5958, Estação,89.1,77.3
314,4329,3604,"83,3%",1755,1582,55,212,"610 (18,3%)",2315, Faxinalzinho,74.5,65.7
315,3164,2861,"90,4%",1451,1272,45,93,"342 (12,6%)",1766, Floriano Peixoto,84.5,74.0
316,9609,9194,"95,7%",4789,3755,137,513,"748 (8,8%)",5534, Gaurama,93.3,75.1
317,26581,25078,"94,3%",12803,10555,505,1215,"2980 (12,8%)",16212, Getúlio Vargas,80.7,67.1
318,3528,3170,"89,9%",1554,1380,62,174,"297 (10,1%)",1889, Ipiranga do Sul,87.0,79.0
319,5802,5540,"95,5%",2710,2467,80,283,"513 (9,9%)",3324, Itatiba do Sul,89.7,79.4
320,6384,6052,"94,8%",2967,2640,75,370,"742 (13,2%)",3561, Jacutinga,85.3,76.3
321,7729,7321,"94,7%",3653,3198,100,370,"658 (9,6%)",4402, Marcelino Ramos,87.9,76.5
322,3650,3482,"95,4%",1727,1507,54,194,"390 (12,1%)",2031, Mariano Moro,86.6,76.1
323,19244,18602,"96,7%",10207,7362,273,760,"2793 (15,9%)",11695, Nonoai,81.6,60.5
324,3896,3715,"95,4%",1820,1575,49,271,"220 (6,5%)",2293, Paulo Bento,85.7,74.4
325,3125,2671,"85,5%",1386,1140,37,108,"97 (3,8%)",1547, Ponte Preta,104.4,86.6
326,2847,2458,"86,3%",1264,1075,45,74,"418 (17,9%)",1849, Quatro Irmãos,69.0,58.8
327,4844,4245,"87,6%",2172,1947,65,61,"525 (12,7%)",2752, Rio dos Índios,85.2,74.1
328,5794,5481,"94,6%",2860,2266,70,285,"329 (6,4%)",3299, São Valentim,96.9,77.1
329,6370,6427,"100,9%",3072,2874,70,411,"283 (4,8%)",3657, Severiano de Almeida,90.8,84.2
330,4888,4780,"97,8%",2199,2097,65,419,"338 (7,9%)",2668, Três Arroios,88.7,83.7
331,8185,8188,"100,0%",3979,3604,114,491,"595 (7,8%)",4756, Viadutos,88.9,79.5
332,9828,9674,"98,4%",4870,4213,164,427,"1469 (16,2%)",6279, Bossoroca,79.4,67.0
333,7957,8128,"102,1%",4028,3560,120,420,"745 (9,8%)",4846, Caibaté,89.0,77.5
334,22249,21345,"95,9%",10613,9282,369,1081,"1043 (5,2%)",14133, Cerro Largo,85.6,73.3
335,4497,3946,"87,7%",1997,1739,66,144,"288 (7,7%)",2427, Dezesseis de Novembro,94.6,80.3
336,14025,11797,"84,1%",6576,4776,198,247,"1564 (13,8%)",8475, Entre-Ijuís,84.3,61.3
337,4786,4137,"86,4%",2249,1708,54,126,"475 (12,0%)",2396, Eugênio de Castro,96.1,72.8
338,4936,4547,"92,1%",2305,2064,70,108,"540 (12,4%)",2924, Garruchos,83.0,74.7
339,13220,11908,"90,1%",6215,4845,188,660,"1065 (9,6%)",7537, Guarani das Missões,85.4,66.9
340,2937,2980,"101,5%",1376,1285,68,251,"382 (14,4%)",1648, Mato Queimado,86.2,79.4
341,4242,4101,"96,7%",1995,1841,60,205,"288 (7,5%)",2304, Pirapó,96.4,87.0
342,16950,15582,"91,9%",7982,6830,253,517,"1835 (12,4%)",10246, Porto Xavier,75.6,67.8
343,4061,3850,"94,8%",1942,1716,53,139,"855 (23,4%)",2323, Rolador,75.3,65.7
344,11478,10384,"90,5%",5305,4718,155,206,"863 (8,6%)",6847, Roque Gonzales,84.9,74.5
345,5147,4909,"95,4%",2397,2137,75,300,"254 (5,6%)",2733, Salvador das Missões,97.6,86.1
346,123679,120484,"97,4%",60972,51311,2240,5961,"8108 (7,2%)",77593, Santo Ângelo,82.7,71.5
347,17107,14984,"87,6%",8379,5865,257,483,"2123 (14,9%)",10175, Santo Antônio das Missões,85.1,62.4
348,99703,95764,"96,0%",49062,41284,1685,3733,"10182 (11,3%)",60282, São Borja,82.4,69.1
349,56423,50383,"89,3%",26732,20567,979,2105,"4507 (9,5%)",33468, São Luiz Gonzaga,87.4,67.3
350,12544,11396,"90,8%",5912,4926,181,377,"869 (8,0%)",7673, São Miguel das Missões,81.2,66.9
351,8590,8090,"94,2%",4014,3539,130,407,"867 (11,5%)",5265, São Nicolau,81.5,70.4
352,5190,5037,"97,1%",2454,2291,60,232,"210 (4,4%)",2947, São Pedro do Butiá,94.6,84.9
353,3474,3300,"95,0%",1613,1492,50,145,"380 (12,2%)",1970, Sete de Setembro,83.9,76.1
354,3486,3471,"99,6%",1738,1507,49,177,"283 (8,7%)",2015, Ubiretama,89.4,77.2
355,5631,5291,"94,0%",2634,2367,85,205,"356 (7,1%)",3133, Vitória das Missões,92.2,80.4
356,48282,42276,"87,6%",22601,17222,817,1636,"1526 (3,8%)",31365, Candelária,77.1,59.6
357,6100,4215,"69,1%",2425,1658,109,23,"305 (7,5%)",4325, Gramado Xavier,61.4,42.8
358,4253,4125,"97,0%",2104,1853,75,93,"449 (11,3%)",3018, Herveiras,72.8,62.4
359,7644,7247,"94,8%",3854,3086,140,167,"639 (9,2%)",4515, Mato Leitão,88.7,71.7
360,14283,13923,"97,5%",7944,5266,224,489,"1765 (13,4%)",9174, Pantano Grande,88.0,59.8
361,10526,9057,"86,0%",4906,3762,159,230,"828 (9,6%)",6535, Passo do Sobrado,78.9,60.9
362,58720,54666,"93,1%",28650,22953,867,2196,"5785 (11,2%)",38275, Rio Pardo,74.7,60.1
363,211277,199637,"94,5%",106396,82177,3666,7398,"17278 (9,2%)",130416, Santa Cruz do Sul,83.8,64.9
364,15206,13612,"89,5%",7240,5701,231,440,"1506 (11,6%)",10172, Sinimbu,68.5,55.0
365,5580,5428,"97,3%",2786,2390,89,163,"469 (9,1%)",3497, Vale Verde,81.9,68.4
366,16882,15817,"93,7%",8290,6630,294,603,"1145 (7,7%)",11781, Vale do Sol,71.2,57.5
367,114826,102207,"89,0%",55688,41527,2177,2815,"6962 (7,2%)",71554, Venâncio Aires,79.2,60.0
368,39748,36919,"92,9%",20520,14864,720,815,"3320 (9,4%)",26863, Vera Cruz,78.3,58.7
369,10803,10295,"95,3%",5072,4770,135,318,"1085 (11,0%)",5950, Alecrim,89.9,83.1
370,6120,5755,"94,0%",2955,2490,81,229,"500 (9,2%)",3464, Alegria,94.0,77.7
371,11098,10958,"98,7%",5634,4677,181,466,"1201 (11,6%)",6712, Boa Vista do Buricá,85.9,71.0
372,9996,8864,"88,7%",4646,3674,139,405,"672 (8,1%)",5474, Campina das Missões,91.7,73.7
373,11103,9187,"82,7%",4979,3883,139,186,"596 (6,7%)",6198, Cândido Godói,86.0,67.9
374,8019,7251,"90,4%",3750,3157,106,238,"651 (9,4%)",4549, Doutor Maurício Cardoso,84.6,72.2
375,25242,22887,"90,7%",12171,9346,396,974,"2663 (12,4%)",16004, Giruá,78.2,60.4
376,30418,27246,"89,6%",14555,11591,482,618,"2370 (9,1%)",19329, Horizontina,79.6,63.3
377,10380,9874,"95,1%",5083,4128,138,525,"1313 (14,3%)",6167, Independência,81.6,69.4
378,5155,4789,"92,9%",2472,1988,95,234,"519 (11,6%)",2698, Nova Candelária,90.1,73.6
379,5938,5087,"85,7%",2612,2263,85,127,"149 (3,1%)",3323, Novo Machado,81.0,70.9
380,8546,7479,"87,5%",3871,3379,116,113,"706 (9,7%)",4678, Porto Lucena,85.4,75.6
381,4148,3989,"96,2%",1982,1833,44,130,"511 (13,4%)",2374, Porto Mauá,82.9,75.7
382,2798,2795,"99,9%",1458,1254,31,52,"304 (11,2%)",1360, Porto Vera Cruz,114.5,98.0
383,122081,114646,"93,9%",59822,49213,2260,3351,"15321 (14,1%)",73254, Santa Rosa,79.7,66.0
384,26053,22281,"85,5%",11779,9759,385,358,"1372 (6,4%)",14257, Santo Cristo,90.1,75.1
385,3732,3821,"102,4%",1958,1624,60,179,"54 (1,5%)",2073, São José do Inhacorá,110.6,90.8
386,9456,9012,"95,3%",4653,3875,145,339,"766 (9,0%)",5790, São Paulo das Missões,83.0,70.0
387,4516,4291,"95,0%",2192,1774,69,256,"416 (10,5%)",2779, Senador Salgado Filho,82.9,67.4
388,42169,35942,"85,2%",19949,14494,619,880,"4666 (13,5%)",23906, Três de Maio,83.0,61.5
389,10074,8528,"84,7%",4437,3673,130,288,"236 (2,9%)",5678, Tucunduva,91.6,75.6
390,14516,14340,"98,8%",7010,6323,198,809,"1131 (8,5%)",7893, Tuparendi,94.3,84.5
391,4449,4210,"94,6%",2088,1820,65,237,"726 (18,6%)",2539, Barra Funda,84.7,73.4
392,3514,3160,"89,9%",1694,1310,52,104,"253 (8,4%)",2098, Boa Vista das Missões,96.2,75.9
393,5467,4997,"91,4%",2671,2032,85,209,"276 (5,9%)",3353, Braga,90.2,69.1
394,4309,3597,"83,5%",1992,1405,60,140,"204 (6,0%)",2311, Cerro Grande,95.9,70.4
395,15736,14751,"93,7%",7551,6387,245,568,"763 (5,5%)",9269, Chapada,87.2,73.8
396,17570,15831,"90,1%",8235,6575,235,786,"2619 (17,7%)",9911, Constantina,77.9,63.0
397,11105,8934,"80,5%",5030,3713,174,17,"848 (9,7%)",7325, Coronel Bicaco,73.7,55.1
398,3444,3074,"89,3%",1696,1234,46,98,"317 (10,8%)",2026, Dois Irmãos das Missões,85.2,64.4
399,2433,2279,"93,7%",1092,1021,25,141,"278 (13,2%)",1034, Engenho Velho,119.2,108.8
400,4023,3800,"94,5%",1978,1607,55,160,"661 (18,4%)",2082, Gramado dos Loureiros,89.6,74.1
401,6443,5930,"92,0%",3047,2520,101,262,"584 (10,5%)",3810, Jaboticaba,84.4,69.2
402,4022,3537,"87,9%",1831,1521,65,120,"509 (15,2%)",2564, Lajeado do Bugre,74.5,60.6
403,7354,6096,"82,9%",3546,2265,120,165,"718 (12,4%)",4925, Miraguaí,74.2,49.5
404,3529,3466,"98,2%",1676,1564,45,181,"181 (5,6%)",1775, Nova Boa Vista,109.4,99.7
405,2766,2925,"105,7%",1401,1295,51,178,"234 (8,7%)",1719, Novo Xingu,89.1,80.6
406,6854,6509,"95,0%",3397,2801,110,201,"567 (9,1%)",4164, Novo Barreiro,86.0,71.0
407,51517,50709,"98,4%",26486,21062,900,2261,"4923 (10,4%)",33303, Palmeira das Missões,82.1,65.2
408,14845,11969,"80,6%",6437,5179,221,132,"1732 (14,9%)",11549, Redentora,53.4,42.8
409,16649,14750,"88,6%",7457,6393,235,665,"1134 (8,2%)",10601, Ronda Alta,75.0,64.1
410,9039,8880,"98,2%",4293,3879,131,577,"517 (6,3%)",5130, Rondinha,90.6,81.2
411,4047,3857,"95,3%",1946,1693,64,154,"266 (7,3%)",2609, Sagrada Família,81.9,69.8
412,4295,3852,"89,7%",1990,1611,54,197,"424 (11,8%)",2537, São José das Missões,80.1,64.6
413,3367,3166,"94,0%",1524,1375,55,212,"219 (7,6%)",2009, São Pedro das Missões,79.6,74.5
414,35090,32433,"92,4%",17806,12432,694,1501,"4120 (13,6%)",24489, Sarandi,72.4,52.7
415,7552,6990,"92,6%",3648,2913,107,322,"780 (11,9%)",4271, Três Palmeiras,85.6,69.5
416,9940,9722,"97,8%",5172,4095,151,304,"602 (6,5%)",5802, Trindade do Sul,95.9,76.5
417,9943,9094,"91,5%",4622,4109,134,229,"601 (6,9%)",5981, Anta Gorda,79.3,70.5
418,34352,33026,"96,1%",16866,14374,589,1197,"2602 (8,3%)",20805, Arroio do Meio,85.0,72.2
419,20207,17837,"88,3%",9305,7645,315,572,"1516 (8,9%)",12328, Bom Retiro do Sul,80.9,66.6
420,10446,9966,"95,4%",5097,4425,202,242,"597 (6,3%)",7714, Boqueirão do Leão,72.0,61.7
421,2964,2813,"94,9%",1461,1228,45,79,"156 (5,8%)",1716, Canudos do Vale,89.7,75.3
422,4849,4299,"88,7%",2281,1802,70,146,"444 (10,9%)",2757, Capitão,83.8,67.2
423,4662,4086,"87,6%",2074,1741,60,211,"260 (6,8%)",2438, Colinas,92.1,77.2
424,2693,2632,"97,7%",1194,1168,40,230,"111 (4,7%)",1501, Coqueiro Baixo,86.5,82.0
425,21267,17396,"81,8%",9346,7099,333,618,"1280 (7,8%)",12348, Cruzeiro do Sul,80.6,62.1
426,5506,5519,"100,2%",2643,2520,85,271,"484 (9,4%)",3400, Dois Lajeados,80.3,76.6
427,3448,3418,"99,1%",1617,1495,54,252,"175 (5,6%)",1983, Doutor Ricardo,91.6,83.0
428,38228,31890,"83,4%",17576,12762,639,913,"3176 (10,5%)",22706, Encantado,79.1,58.7
429,56534,44740,"79,1%",25070,18060,966,644,"4679 (10,8%)",34116, Estrela,77.1,56.9
430,7034,5974,"84,9%",3186,2433,108,247,"649 (11,6%)",4533, Fazenda Vilanova,75.4,57.3
431,4448,3969,"89,2%",1983,1771,70,145,"476 (12,7%)",2412, Forquetinha,81.2,71.2
432,6979,7103,"101,8%",3386,3132,85,500,"1192 (18,3%)",4078, Ilópolis,74.4,69.4
433,5615,4875,"86,8%",2571,2056,75,173,"392 (8,5%)",3120, Imigrante,85.4,68.6
434,139259,112818,"81,0%",62744,45623,2366,2085,"14835 (13,7%)",84014, Lajeado,75.8,55.7
435,7531,6848,"90,9%",3336,2907,99,506,"1125 (18,0%)",4009, Marques de Souza,79.0,67.8
436,8431,8162,"96,8%",3806,3523,140,693,"524 (7,1%)",4954, Muçum,89.1,79.2
437,5621,5499,"97,8%",2617,2469,76,337,"283 (5,6%)",3330, Nova Bréscia,88.1,81.2
438,11948,11221,"93,9%",5629,5014,190,388,"870 (8,2%)",8487, Paverama,71.3,62.1
439,3896,3584,"92,0%",1807,1547,55,175,"187 (5,6%)",2098, Poço das Antas,93.8,79.8
440,3126,2985,"95,5%",1467,1319,48,151,"170 (6,1%)",1639, Pouso Novo,101.0,88.8
441,9982,9092,"91,1%",4698,3768,155,471,"327 (3,9%)",6244, Progresso,82.7,66.0
442,6326,6547,"103,5%",3103,2922,88,434,"226 (3,8%)",3919, Putinga,90.1,82.6
443,3562,3401,"95,5%",1630,1526,40,205,"246 (7,8%)",2090, Relvado,81.9,75.5
444,17172,15662,"91,2%",8186,6695,298,483,"1015 (6,8%)",11393, Roca Sales,77.1,63.3
445,11156,10201,"91,4%",5322,4248,185,446,"334 (3,5%)",6603, Santa Clara do Sul,90.2,71.0
446,3188,3115,"97,7%",1532,1374,51,158,"279 (9,6%)",1971, São José do Herval,86.6,75.3
447,3978,3728,"93,7%",1840,1677,54,157,"214 (6,1%)",2242, São Valentim do Sul,92.2,82.3
448,3728,3564,"95,6%",1719,1602,60,183,"172 (5,2%)",1962, Sério,96.5,87.5
449,42019,38153,"90,8%",20091,15507,632,1923,"4326 (12,2%)",26862, Taquari,74.0,57.8
450,54131,46449,"85,8%",25116,19219,864,1250,"3721 (8,4%)",33232, Teutônia,78.3,61.1
451,4135,3825,"92,5%",1865,1715,55,190,"226 (6,3%)",2336, Travesseiro,85.4,78.4
452,3365,3079,"91,5%",1590,1333,44,112,"417 (14,3%)",1815, Vespasiano Correa,80.9,68.0
453,5051,4961,"98,2%",2414,2174,80,293,"298 (6,5%)",3014, Westfalia,83.8,76.0
454,12431,9792,"78,8%",5317,4161,201,113,"753 (7,9%)",7024, Ajuricaba,80.4,63.6
455,12249,11554,"94,3%",5686,5041,173,654,"1845 (17,2%)",6661, Augusto Pestana,81.0,71.1
456,3912,3789,"96,9%",1831,1642,65,251,"387 (11,1%)",2123, Bozano,95.0,82.9
457,8426,7354,"87,3%",3848,3176,100,230,"1192 (17,0%)",4484, Campo Novo,83.4,68.0
458,15228,14293,"93,9%",7166,6357,204,566,"1031 (7,6%)",8774, Catuípe,87.6,76.8
459,6377,6096,"95,6%",3078,2573,92,353,"914 (16,2%)",3756, Chiapetta,78.8,66.1
460,10196,9920,"97,3%",5168,4194,193,365,"675 (7,2%)",6753, Condor,84.1,67.6
461,4713,4431,"94,0%",2215,1853,73,290,"610 (15,0%)",2519, Coronel Barros,87.5,78.9
462,22018,19333,"87,8%",10125,8540,304,364,"1946 (10,4%)",13448, Crissiumal,74.7,63.5
463,8386,7477,"89,2%",3668,3371,126,312,"492 (7,0%)",4762, Humaitá,83.1,75.4
464,139600,124411,"89,1%",65386,50553,2613,5859,"9155 (7,9%)",83475, Ijuí,82.8,64.9
465,3639,2771,"76,1%",1528,1183,45,15,"459 (16,9%)",2226, Inhacorá,67.1,52.2
466,12043,11145,"92,5%",5680,4846,199,420,"1319 (12,5%)",8560, Jóia,71.7,60.8
467,4076,3725,"91,4%",1837,1620,60,208,"392 (11,3%)",2242, Nova Ramada,84.9,73.7
468,69195,55098,"79,6%",31493,22105,1116,384,"4464 (8,3%)",43667, Panambi,74.2,53.7
469,6533,6016,"92,1%",3069,2608,100,239,"947 (16,7%)",3874, Pejuçara,75.6,64.2
470,22953,20381,"88,8%",10578,8749,400,654,"2051 (10,6%)",13885, Santo Augusto,78.6,66.0
471,9589,9466,"98,7%",4505,4260,142,559,"229 (2,6%)",5426, São Martinho,91.5,87.5
472,4666,3961,"84,9%",1958,1741,65,197,"574 (15,5%)",2727, São Valério do Sul,66.8,59.3
473,4511,4384,"97,2%",2221,1950,75,138,"237 (5,7%)",2907, Sede Nova,82.6,72.1
474,18469,17118,"92,7%",9061,7077,277,703,"2464 (15,3%)",10065, Arroio do Sal,101.7,82.3
475,21247,21193,"99,7%",11551,8549,343,750,"5757 (28,6%)",14068, Balneário Pinhal,79.4,61.2
476,90413,81306,"89,9%",47200,30527,1478,2101,"17618 (22,7%)",53049, Capão da Canoa,86.2,58.8
477,7679,6731,"87,7%",3626,2712,115,278,"767 (12,1%)",4660, Capivari do Sul,86.8,64.5
478,12650,11654,"92,1%",5860,5052,185,557,"3198 (29,3%)",8270, Caraá,61.7,52.3
479,29383,24627,"83,8%",13536,10138,664,289,"8670 (36,6%)",16254, Cidreira,71.3,54.9
480,4588,4309,"93,9%",2305,1809,60,135,"671 (16,3%)",2534, Dom Pedro de Alcântara,88.4,71.5
481,41386,36694,"88,7%",20656,14306,636,1096,"9748 (27,9%)",22800, Imbé,93.5,68.0
482,4426,4598,"103,9%",2437,1891,89,181,"717 (16,6%)",2419, Itati,105.5,85.0
483,4980,4481,"90,0%",2376,1841,73,191,"652 (15,5%)",2981, Mampituba,74.4,58.1
484,11831,11468,"96,9%",5830,5036,208,394,"2022 (18,6%)",6714, Maquiné,88.7,74.9
485,5268,5445,"103,4%",2794,2290,105,256,"540 (10,6%)",2949, Morrinhos do Sul,96.5,79.6
486,20944,19069,"91,0%",10050,7951,289,779,"2941 (16,3%)",12804, Mostardas,79.8,63.0
487,78990,75229,"95,2%",39368,30737,1697,3427,"17042 (24,3%)",45994, Osório,80.1,62.6
488,20722,19254,"92,9%",10883,7470,263,638,"2860 (15,6%)",11318, Palmares do Sul,102.9,74.2
489,68634,64071,"93,4%",33929,26634,1324,2184,"9849 (16,3%)",42894, Santo Antônio da Patrulha,75.9,60.6
490,9327,8463,"90,7%",4355,3628,115,365,"1563 (19,6%)",5481, Tavares,74.2,63.0
491,17267,15962,"92,4%",8570,6555,258,579,"3395 (22,4%)",11204, Terra de Areia,73.4,55.9
492,71702,68758,"95,9%",36288,27841,1658,2971,"18697 (29,2%)",38732, Torres,77.7,61.0
493,85018,76395,"89,9%",42486,30465,1107,2337,"21477 (29,4%)",51715, Tramandaí,74.4,55.6
494,18238,15761,"86,4%",8570,6515,261,415,"1396 (9,3%)",11053, Três Cachoeiras,80.2,61.5
495,4775,4837,"101,3%",2414,2138,79,206,"1002 (22,0%)",2697, Três Forquilhas,81.8,73.1
496,25149,22351,"88,9%",12642,8709,409,591,"4821 (22,6%)",16408, Xangri-lá,85.7,60.5
